Hours_Studied,Attendance_Percentage,Previous_Scores,Anxiety_Level,Extracurricular_Activities,Final_Score
3.096056983613479,99.19484349268802,58.24821725025618,4,No,61.7268954178913
2.334082838594578,95.39706946330215,63.55481329284482,2,Yes,59.743345870524905
3.277226245720831,88.4770429593614,57.075800790000386,1,Yes,74.03310989182182
4.3276358276896305,82.82450577835542,61.9203847036096,2,Yes,72.53630812922006
2.219015950331997,93.58578650890873,46.063853330462145,5,No,55.583101269791456
2.2190356516609833,91.147883083374,67.13293707372938,2,Yes,73.17353180924226
4.39505537860887,95.16154576022186,65.01205475362224,4,Yes,83.41072300638199
3.4209216749834903,93.08137441345576,56.82911368931809,1,Yes,74.02316864028614
1.9366307368780575,96.39642172255468,71.59245668432405,4,No,66.01646584416007
3.1510720523031575,83.71811830751545,74.37570137626558,1,No,78.05603316297105
1.9438987686250453,98.5391525250746,48.924401356310256,5,Yes,53.02779741155027
1.9411242957156918,89.5807968375392,57.37275221433786,1,No,67.86553115163399
2.790354725879241,100.0,57.30857650212702,1,No,77.90377643914508
0.20406370641064253,82.48649745528346,55.600968988911355,1,No,58.09635925292814
0.4300986009843606,100.0,73.29474841931749,2,Yes,56.45515401820472
1.8252549649108327,89.58328626770118,63.06173861227197,2,No,62.071334566271524
1.2846026555986916,82.78865597108441,62.35485158689389,5,No,49.85361487837805
2.877096799114329,84.12891332756543,44.961376355932465,1,No,66.02489700542361
1.410371109374547,85.43722153444544,71.35418030209226,3,Yes,65.03672115011851
0.8052355583976503,91.39332757121534,52.60741605146528,5,No,59.84928567314388
4.258778522705865,92.18268390428399,65.59932630266329,1,No,79.37193666420153
2.229068439416157,83.41039996849136,67.77376937958192,1,No,66.35377050680584
2.5810338456255084,87.80516326191214,78.60658595838652,2,Yes,79.35757041480208
0.7903021765438518,100.0,51.91179600880888,5,Yes,57.007934378013445
1.8467407305697807,100.0,34.80487844179174,1,No,70.0134247413263
2.6331071076518393,91.49058935739225,66.83849544753694,1,No,75.25695993052636
1.1188077070932367,88.3040278253456,83.00511181510853,5,Yes,56.03160011657064
2.9508376220148063,88.96025061374608,77.38946352939438,3,No,66.88948564050175
1.779233572097434,92.90814378184334,67.09659415274626,5,Yes,54.43084237375374
2.149967500248068,79.81765947841275,60.08363814367953,5,No,60.012251909501664
1.7779520653247238,85.94098770061323,73.0712259663731,3,No,71.13050731221588
4.722733821410725,74.65132740897928,55.26453800295531,5,No,75.30037217846385
2.4838033303144793,91.19378498084224,69.7635776935622,1,No,78.04113061359415
1.2307468852529195,93.17756751762192,70.05470159166627,5,Yes,66.25536479848819
3.487053894523827,84.13450830160501,75.6020990749888,3,No,70.86962085248936
1.0349876200347734,100.0,92.59660038911078,4,Yes,65.17183913318782
2.7506363140057064,78.19387469598126,68.92415967178766,5,No,65.9583760120451
0.14839585134426958,76.28500095832143,59.910363742925014,2,No,53.317492524124425
0.9061767413218835,89.79561454847978,64.74425687808005,1,No,64.4096284611298
2.7362334830429482,96.37678642089723,47.30924095110882,1,Yes,72.36151167207125
3.3861598959944925,100.0,58.05286868910942,2,No,77.96258749899631
2.7056419374279645,84.32892589704848,60.90717561886896,2,Yes,73.95101703088771
2.3612220611341113,96.62944666745037,59.759116020654076,5,Yes,70.86055170293172
2.1386755652928535,87.69193224399434,66.52354872033722,2,No,70.4483171018649
0.7257736115590872,86.61898160047345,56.775800676177994,4,No,57.53821526365285
1.6361869499263495,95.06927949989338,76.21030667324472,3,No,71.64205131368638
1.9472334748482552,93.21858302730736,65.00207064918197,2,Yes,66.21837311974572
3.7685466714626985,75.388862744126,64.90699678861385,2,Yes,74.25320086611374
2.9123419474821537,99.81232279780717,61.72105283487082,4,No,64.03047936269857
0.38435181356471926,99.04073083317961,66.55190683858979,1,No,70.77308121415179
2.888900763273754,82.99549838792376,73.25098264667635,1,Yes,67.64538326671101
2.0379012635004203,91.16642826749927,56.328697842890996,5,No,60.98370341134277
1.6876935996328495,91.95224149026191,58.41883510924743,4,No,56.519245334912455
3.2340115466090413,90.08539012659125,61.96273971223335,3,No,73.55998061272385
3.737199426995141,83.59755876923664,51.54129076526785,3,No,67.41778174261118
3.6175361429394384,82.62701305649558,56.807421402785025,4,No,58.20693256731427
1.4929389721328339,87.79556743206844,60.23779126455341,3,No,62.757757367949964
2.1289451489785427,97.38183215407491,73.74389180712727,1,No,72.8310222644973
2.897516117684277,92.34880123675546,67.62561329001925,3,Yes,76.12051867419619
3.670654152546831,85.03508534331115,66.93589911367545,3,No,72.4547030778333
1.924990914585652,94.17358968518676,73.50897962167971,4,No,69.32418926044706
2.2772092280034193,65.2116590349594,63.62628211600603,4,No,49.77074961372661
1.1723980311927662,97.19012560297682,68.9046484992889,3,Yes,62.46277378980442
1.0645520511031952,74.0822897697752,63.96778247067504,2,No,53.85281772412314
3.475030986873038,85.10047246877494,67.65362349399628,4,No,73.99494337128682
4.127488034284988,79.04264084299085,59.17241342388418,5,Yes,74.39310597481398
2.4135878541035996,77.64254819423276,40.611828417235714,5,No,47.28264831466744
3.704239477470429,97.28661429902816,63.65720837813696,1,No,85.9172463436929
2.933963230057161,84.25839038950487,79.2274813609994,3,Yes,61.29302962575906
1.725856294473851,90.77203105384572,74.26215402241593,2,No,63.245793095170875
2.933674726610097,87.62463536896652,74.6539748459117,1,No,71.32052795347673
4.345643879759163,91.81632661778497,77.36130721806218,3,No,74.90059876412485
2.457008753068058,88.61457512848204,65.88657590961438,4,Yes,57.57890464067952
4.377572386976807,77.73606220649144,66.97315707405596,5,Yes,71.13922850038638
0.0,95.97013455557712,58.8234810456565,2,No,56.96475964728849
3.4862830052502685,84.0499473347095,61.8392714397295,5,Yes,67.50020238007954
2.6044564818858054,75.547344810722,71.15771149771142,4,No,66.04089721363881
2.141191179440959,84.5750787122727,77.03884437168816,3,Yes,68.97572565948299
2.6101129318426026,100.0,63.60553724319001,4,Yes,73.42104171292188
0.11491730247892873,94.80177393690795,60.498107351485885,4,Yes,54.29706686139224
2.236393734594986,85.21078292473713,65.00527958856597,5,No,54.83289877791086
2.9285350858140955,85.20593836545257,71.01206748929116,2,No,77.31774192614283
4.273472853689819,85.42691959026094,50.56145183866458,4,Yes,65.7610069922472
1.8780757380716233,100.0,42.03819046862762,5,Yes,53.32385433713428
1.529807676528175,91.05548361785243,59.494631505084165,2,Yes,63.03003190228511
1.8978915476985563,91.44033317752856,52.79287574085841,3,No,57.339399135279166
3.598482541242489,96.24226763225474,59.91859802352689,3,No,72.37774725622523
2.8945013315916213,89.91031327221211,63.52219681182528,1,No,75.21356061820786
1.8642877554795536,85.92766283343437,60.467515909769865,5,No,59.574467379933104
3.1159209197360274,86.42920120732018,79.52467534470745,2,No,71.5195373528923
2.6164930592176483,87.42718992468748,68.2674476460232,4,Yes,64.09504869502648
3.662373988639467,87.70222210792127,68.00474359610828,3,No,79.16584688904955
1.657536287347177,93.82103634909583,71.22207144043402,2,Yes,71.66471799717414
2.1068054240826783,88.4155670864584,53.61166882219231,5,Yes,68.35907979839715
2.029470216241411,93.86112061772464,75.39111787420269,1,No,80.20977555926535
0.7437820622414577,87.35426735913134,64.2423571346454,3,No,63.65478973805315
2.8553443324774914,88.62908152252872,71.70480617241212,2,No,66.30045337084358
2.8132663266158673,72.01439452374314,54.28142766959844,2,No,64.97581950162323
2.506136147970953,95.33062139761985,49.46241233983936,2,No,67.23611899236997
2.2184954399498236,90.77190780718394,73.17889658025028,5,Yes,62.60000027900654
0.801555109539503,95.98408087887722,68.76409526097517,5,No,59.870713180203595
1.995225612681569,64.82995697445048,55.9794844564249,5,No,53.42801386317292
2.0887425801678767,100.0,56.303369187253054,4,No,67.83888161203636
1.5372672769340574,86.88328297475861,76.2543478441477,2,No,62.92358492110775
2.306457146000789,96.86546253390013,53.10588107132672,3,Yes,69.92252963292512
2.984861028177446,79.68075258299575,81.42672953255963,5,No,64.0366873234736
4.763423081452636,92.90219124050056,55.99379265352131,5,No,74.85954529434123
2.709493375398207,79.57267549461075,71.38391925608383,2,Yes,67.27496251427482
2.809060468867317,83.00984831443355,61.71381524251015,5,No,60.66905498418492
2.410664901080599,100.0,71.03187431082343,4,No,75.19410167385257
0.1974745416411503,86.47454079389323,59.558859978858074,4,No,46.24387842034098
2.4681833494609395,89.73946298543778,63.37207093927706,5,No,72.97429859464759
2.5722762519292317,94.96054184551004,65.40919175395722,2,Yes,63.36292517756487
5.455890534982343,91.96545510378084,54.978125442185274,2,Yes,79.57073393280535
2.2691668422626528,89.20335124114861,72.40824345420125,2,Yes,72.6007071937418
2.861856810800335,90.9196880197298,59.867864335284146,1,No,75.55908939465539
2.458345876353708,100.0,62.714000846599816,5,Yes,66.60355103288995
1.0975863548565616,87.53904962373132,55.056506253914876,2,Yes,58.73354998494209
3.8713873774180243,89.60879237371974,39.376663412046895,4,No,67.06620328683017
3.402319639224129,96.4052351680609,63.08972237399831,3,No,73.34526158825611
3.449238336451656,96.84420746366388,89.12615421612915,3,No,89.68762722223713
1.4087350542463133,97.49624244448304,72.84604287898024,2,Yes,74.09273068387687
4.183353173123319,93.10984177623348,64.80739620265605,3,Yes,81.96704319193498
0.8177787246492629,78.85596069815614,62.37109170791732,3,Yes,49.511821798031875
3.2042285125603245,100.0,65.22465892812046,1,No,79.19159811920923
5.128546750971974,78.8292368558505,70.4711911517521,4,No,74.81345609912216
1.311356409843174,90.42108372191227,53.19187184691155,4,No,51.654770213606916
1.8204427244766737,81.96579319984514,76.14321694668872,1,Yes,70.53231690605688
2.6195816381051693,87.48689322725606,72.15381315441245,1,No,71.05058063885292
1.895829215060561,90.63009928242785,72.18185725707934,3,Yes,70.66276211464894
0.6392038827206408,90.57085772360219,69.38475738809727,5,Yes,50.88883190500161
2.5822755697672326,91.37536603388227,65.1961665769399,3,No,77.61557729968015
1.2252355435286741,100.0,71.7286123596682,1,No,67.16309813258353
3.068310916762218,91.62827441211184,70.91814133741379,4,Yes,72.36481843588213
1.3966909189194363,86.04674691767481,61.45959289058976,3,Yes,63.79932778078438
4.359921286021047,95.71269734630685,59.26398227103099,5,No,71.01067789893672
1.5600960491965155,97.51576391139713,66.01856295261987,3,Yes,70.87469791349216
2.1135261805531895,78.17913747890407,80.49020151495188,2,Yes,61.84042835981105
3.4762206608436035,92.77920055879886,52.60892924346099,3,Yes,77.53605079668866
1.0229628202792538,93.60938193848719,50.324747342475604,1,Yes,61.726737404362616
2.7729519215249554,85.61949197312006,66.64760841236517,4,Yes,63.12478188073796
4.068571305138914,99.00565450649296,65.50887701856018,4,No,76.10187257172264
0.5710201185265271,86.79955530373978,66.73341664370409,1,Yes,65.63954405420338
2.721560630238765,89.00461162777233,67.439531979085,2,No,68.51923093677607
2.811859353098108,86.61542540572904,62.76797745365195,1,No,67.78907171676386
3.4381874461327726,88.12463238065175,79.89863438602082,3,No,75.30269751081211
1.0156591469463017,79.22979930483838,48.99096021523484,1,No,49.58269295738747
0.9154520642988684,76.47959293924565,56.71502975219754,1,No,65.28632596256094
3.126329878740277,100.0,63.96745239850953,2,Yes,73.98991215718063
2.856381607879823,81.22430921345338,48.568111888458326,3,No,65.50014922221999
2.800591420415052,80.06886120434955,63.241455955679285,5,No,62.050288788757726
2.9157378513963708,70.77287909117028,81.61470165728018,5,No,58.449581138224175
1.683970334105811,82.88830601848399,65.20886488295962,4,No,59.108059996746896
2.778704436593204,77.41528165274002,67.30700905718683,1,No,72.97175145777182
2.8516869679584174,100.0,52.3983523482742,4,No,67.03663386884281
1.6427782983683588,96.07853671474108,58.83638591960523,2,Yes,72.26178668287493
4.738929413373707,82.49479723857822,61.24803619676063,5,No,76.17455378523734
3.068599505094145,100.0,61.82284903243766,1,No,82.48442650849366
1.0704358033568218,95.85412389593276,77.81643795003768,2,No,66.74047609880354
3.2878643303605957,85.40134893193103,70.57691060725125,2,Yes,68.37372216784333
1.3303819957272143,68.00475428101142,53.88542043062968,1,No,50.95149979341557
3.4445015244909425,100.0,67.46504778432005,2,Yes,80.44322666108432
3.890314694808885,76.88342026589123,69.98221748496785,1,Yes,77.92854039355305
1.5151812179779474,74.83681002434487,76.40149038521267,1,No,53.57322019138924
3.656051355093186,96.18056345607712,80.80540686568374,3,Yes,80.95353820954315
2.995337112323798,100.0,54.84905808172131,4,No,70.2218491127513
3.486472191993388,99.07418254808414,56.89142488789662,2,Yes,74.74174016399182
4.776151579184736,92.51127296041888,52.42422141085384,2,No,85.06890269842677
2.2055342607965556,92.75803473332229,62.659801408930186,3,Yes,69.03772599124511
1.5955166027710126,94.82732447024246,69.66358374446335,3,Yes,73.35854746569554
1.432582684449372,94.07142871829411,74.87334516589102,3,Yes,66.17368585758067
1.521027658041474,90.249531391755,64.24048976357477,5,Yes,63.66448523851643
2.407477948703075,88.83360883161501,61.80152476745156,5,Yes,70.28662267903444
2.9093823697799728,87.49925497680383,66.5175799224874,5,Yes,72.06035506273093
2.832028959196023,81.96828328906659,56.64857098369977,1,No,62.48132143957302
3.4926198988432287,85.7545993850658,85.89538721694774,2,Yes,78.2651750256149
2.5156022702534884,74.45634548643692,48.923389728819416,4,No,53.31174293723905
4.24424089258878,87.213282985642,66.84740578895725,1,Yes,82.60701206926952
2.1824118001144526,80.09127114279266,85.2360621922964,2,No,73.95115389045093
5.764202999907543,79.17128546227383,65.06799844559998,2,No,77.81546534799855
3.2508008173180074,89.43915320922783,63.099609649985055,3,No,71.29874083486136
1.471410932300461,99.1360182907568,61.42554577189573,3,Yes,55.33948904859306
1.2149290023266652,95.3465328480185,63.19608318237592,1,Yes,74.38180813456295
3.0789668982918226,75.43599517101458,78.7284847467653,3,No,66.62590678051107
2.231844657608979,80.0829749074373,42.88138088670493,2,Yes,58.33614721625378
3.3568005929105103,95.52616950390572,80.33433701296326,3,Yes,77.54652330006351
3.0678851494882537,80.14010085169352,50.76042847549855,5,Yes,64.35373250583531
2.412605304811753,86.2029348000238,62.333476707655855,3,Yes,51.05671124937815
1.4838475383179142,92.40041679219641,60.707555797013384,2,Yes,64.5086194359426
0.6821833303769624,80.25324436109092,70.88553269770719,1,No,60.24878041814485
1.9641820575195748,88.84300404916767,49.01875648116253,4,Yes,55.79555691365529
3.5276785531881667,77.32779604065436,69.62172666081943,3,No,78.08716190862657
2.7569124929562445,83.18905884839029,85.24309623286852,2,Yes,70.19646757971904
1.0051134655456144,90.55825547314029,51.368259954071895,4,Yes,58.51832838938406
2.707817111021418,75.25605013174665,66.89706167610396,4,No,63.49188805416736
2.962380855674604,91.52379790368319,58.38017822203391,5,Yes,71.24307316913405
1.4393710765586405,87.84289760858655,69.25887206193036,4,No,57.7757306209194
2.6844701271346336,92.41991963533718,65.19147777415752,2,No,68.2829173264365
2.5698504621352,89.7913130725173,58.5851309095569,2,Yes,73.82166634993698
1.1284356426032522,98.91312343979075,69.87872284871074,3,No,68.29765098519633
2.92934483241794,89.00179602118325,83.04348109786743,3,Yes,67.43580016653944
3.172941431641881,84.56475567099798,63.09096208272701,3,No,65.92137297911036
3.7996614918103324,88.97838002425827,72.19757942148182,4,Yes,76.18084656443983
3.7645624624418836,92.3463842322911,52.06727042128836,4,No,73.57036823924533
0.8467967584514908,88.39088056260563,55.43563623181991,5,Yes,48.8248736208809
1.3746099521018527,88.32473352963106,69.72406277880377,3,No,48.54888205691811
3.1180423206503916,82.38406649754596,79.84116028535965,1,No,79.11230221656339
3.1165431410946507,82.69679265959242,68.5561334878566,5,No,59.126669365947315
3.1180572235672575,76.77915782560245,61.86941969476845,1,No,58.776081165895754
7.123277788785665,100.0,64.99291405423354,4,No,78.95263353527768
3.1850686128318,78.04909411686972,52.495922660302824,5,No,62.96366180998644
3.8626787682167185,82.45675841763274,71.04515326355367,5,Yes,70.25273043922762
3.6448021161918427,82.25274187544642,73.82333062323409,2,Yes,74.14382461454674
3.2816695015669577,95.15939501555553,60.4790966716692,4,Yes,77.56095633037157
2.1216769064315852,85.64040257366378,60.299578522404985,4,Yes,64.1410425334603
3.410763064591921,97.98193658138987,67.65878229652049,5,Yes,80.6257248580813
1.572609742554914,82.61207500604905,60.63280263959405,4,No,50.134042146237434
2.2158176719119895,90.23195329779041,64.33867385374178,5,Yes,62.30071871502883
1.917563742605076,81.31722357392194,85.99721789166516,2,No,61.83030663535364
2.598248967263587,100.0,62.52974299254004,5,Yes,66.6032560748026
5.27759028000821,78.4992126477639,61.41659847978778,4,Yes,72.96953673424956
0.2592817688899025,90.47856568181622,58.52458194364841,4,No,56.17827788658588
3.3235122284494163,93.07021504745678,72.44191971499937,5,No,71.80604248143909
0.564740954572418,91.31039277961199,63.18775826781897,5,No,57.42122505645216
1.93368176105268,86.51769872897833,58.506269616785744,5,No,61.34456984758492
3.8067407163608395,86.9614344021326,78.21304032273012,3,Yes,88.05683282639198
2.5771360229145555,88.35049177583288,79.19603004513637,4,No,68.40820256201621
1.2067062664848327,86.8239839869721,58.99576434261295,4,Yes,51.756740726664994
1.641635548888038,95.71103293435928,46.33460048639384,3,Yes,61.6233891406841
3.315517298721611,100.0,75.07513689836922,5,No,71.0887274274211
1.623560041939436,83.54006571993733,58.15370174239996,2,Yes,68.38974086257478
2.75975030749837,77.04157616336738,72.90625599162769,5,Yes,61.071168605600946
2.5546862078845765,87.29374361318996,45.298961822881644,5,No,54.45273519219341
1.7180795828730195,100.0,73.92597338299309,3,No,68.41161132350744
5.072732907190391,81.57060345624215,52.88828070719219,4,Yes,75.45047724796467
3.2607028267816136,100.0,72.30764119066525,5,Yes,73.20707157495022
0.0698288960108715,100.0,65.14273067836434,4,Yes,54.68362958291175
2.723745177723313,83.57129406633604,55.460605806033556,1,Yes,76.0121848450787
1.7058562422779344,92.5518646334822,60.929636870732196,4,No,57.54806892269346
3.5229200017554687,100.0,71.86318456956701,2,Yes,81.35138574981241
1.5489751138807593,84.9669780721001,66.05894453115235,2,No,66.8108809156407
2.362316270239721,86.37135711918111,70.84412980472484,5,Yes,55.45668758820313
3.1059847347765484,83.34655268841085,84.76440584515485,4,No,74.69916900982317
3.5389062330041456,79.88194615445707,49.357583882889486,5,Yes,55.17904641426815
1.0596443115330685,82.80577963947195,81.17212574968624,3,No,66.88608504253
2.098598516990862,78.20847786590195,66.04355937523214,2,Yes,58.776196484289855
1.9300656266068525,88.27266774607381,56.01215951676872,5,No,61.22688824573871
1.7160049209115458,81.84021415153086,51.696863742610105,3,Yes,62.35433471942667
4.618545088337316,89.87028729432598,63.10879609222967,5,Yes,78.2806618152499
2.9859780531531466,75.55283483037098,74.2165011192446,4,No,66.67255777487802
0.9869392547979459,90.64704185771566,63.724508796224654,4,No,57.15436094129489
3.601434336465731,94.6682316928714,80.11154930247348,4,No,75.02583126854505
5.04658743641516,72.05011485942836,50.48824309948441,4,No,74.55462950977798
3.738958312661376,90.99245255878057,64.87911052153946,1,No,75.05802964244273
0.676756040855184,97.82135193978634,52.47606555586881,3,Yes,53.06981027910113
1.9189191125604985,78.32287185047036,68.63631882624968,3,Yes,64.8414846260297
4.020293379023947,100.0,73.868873900973,4,Yes,76.28144504947916
1.6507966412574633,91.35215207492836,60.792382063189464,1,No,62.28224116788486
3.032583313775474,82.35990515393273,38.95786143372866,4,Yes,50.57621574972024
3.429560864115204,87.55384737873835,66.98948146796495,1,Yes,73.85163851515826
1.3876834341063005,92.46661530017379,69.3673855173351,4,No,62.32170382631907
2.42856957272584,88.6080431312993,69.04294754961698,2,No,71.51440801933751
0.0,92.31004793957095,77.35782191822155,2,Yes,66.88789697279226
1.2707348303988522,80.63461125536507,54.28946320350951,5,Yes,53.528847233522114
2.1969182183282077,89.35488659228862,71.8021610545045,4,Yes,65.31283294714194
1.0026601816421807,76.69028402476016,76.92507512477975,3,Yes,57.775958673650294
4.458893564717962,87.1101915092104,47.21412415993483,5,Yes,69.85356901983035
0.7838303464472409,80.76873886828169,68.19651825918977,2,No,65.04845357194866
1.9719466159636196,82.11576045928187,59.958201689923285,4,No,59.32506876792383
2.6568886927433097,97.8887454016835,64.18477326898355,5,No,65.34971933403298
4.2295279468793385,96.73048096475415,68.47676483538336,4,Yes,73.41853156548564
0.7769654185846728,92.87310496725742,60.12771435886448,2,No,53.846357065424556
3.8957965025859513,79.26149788261937,58.24291920838388,5,Yes,67.98780578871029
2.5122796732235044,85.46873240244159,65.34152417488025,2,No,71.24124119775603
1.3221896187424589,97.70478159983347,54.12754061137197,1,No,68.81794054259059
3.0545241691159246,89.13373530911923,54.141748711148146,2,Yes,68.52534235081147
2.738871634688164,100.0,71.79373282956503,4,Yes,80.26715175176909
1.7797397474094465,91.14654271515498,53.51205964841344,3,No,58.99034124470917
2.583762501988023,89.53639293192025,71.66312500909211,2,Yes,77.00865337147187
2.037623683765888,85.52706828637999,69.6259129285395,3,No,65.09300513699557
2.6362208143014976,89.06832723825826,47.741932712094034,1,Yes,64.08926095704231
3.2945568094252558,86.78024130895565,58.22435347664345,5,No,67.61483815029038
4.403220179374422,93.66486941350873,76.94109403047372,5,Yes,80.61255746483769
1.0146214014077812,95.65361853435667,55.18834468860318,3,Yes,61.675921623697164
5.05964004958752,81.71208431593641,60.355957376906126,5,No,72.496213297665
0.157494640572998,77.35013637153777,69.62060893251896,2,Yes,54.42424502265163
2.3178578859573,73.31035701517362,72.83390509282596,3,Yes,74.70546372805593
3.205980647781492,92.06393061530035,62.48461113955504,4,Yes,75.52214205287498
2.8371902412820393,79.17306715060901,59.02489805308358,2,Yes,69.17678195750645
1.7527605762152874,70.77687525638014,79.22369861698508,2,Yes,63.40065835974096
2.25025329957127,91.10862883624772,82.3889966379758,2,Yes,79.44720302673151
1.9083988784094006,100.0,74.78858050781795,4,No,72.56854242634965
1.7927622916669463,87.95143270768085,65.85318142565023,1,Yes,68.03136273297231
3.5195225164252295,94.70792619561314,56.91734278359074,5,No,67.03816426911905
2.9284185831580567,88.65463486838053,56.695555934434346,3,Yes,66.70802695515935
1.668508485687215,87.20888277447087,70.22514105265758,1,Yes,52.44150917463142
3.579519850519901,95.35261186390215,69.18398220888683,3,No,77.84684285731463
2.8687594250519313,85.67780364649079,79.01598592946429,5,Yes,65.87733396214347
3.4754345426067523,90.13913851257523,71.50450092536138,4,No,80.84752838708668
3.2555546103083346,90.57358244956811,49.96919698240182,2,Yes,69.59468548014824
1.5052059868935133,82.6552763708556,75.51947617722918,2,No,59.29916623830375
1.8277827517636367,95.93633879629218,55.01939372685587,4,No,61.76986662475122
3.3967523261479142,86.60032194643674,61.16028728047648,1,No,68.7413711681447
3.232444318520158,81.95403872405724,67.50200206251695,1,No,75.56147477954111
2.4749180872430223,92.29207874856323,84.95667489783965,3,No,76.23316122668972
2.6407928599705386,80.8122561456717,96.09918556005361,4,Yes,77.1478205816788
4.03319787494611,88.22544925895302,71.06723059136183,1,Yes,76.82192929724748
1.7901143333970042,87.92704802684638,63.168033812796125,4,No,61.24184150270314
3.1565168574040454,96.68716452665262,70.3450564848055,5,Yes,64.73585806598976
2.2573688170793273,91.79758586303963,73.87655425873837,2,Yes,75.67631861785758
2.238782556127336,87.79978433003885,61.793323744428086,2,No,69.44617953818125
3.8185322223846283,94.54213039360229,82.95211355912322,2,Yes,86.27417244223888
3.490499618785636,99.12166039213851,67.30070759191402,4,No,75.29946968514248
3.476211563200766,92.4624824508149,69.97743089091394,4,No,75.43314451754793
4.066574568585195,88.08282095874705,71.65924252054461,3,No,85.08546952413117
2.525204609959311,77.50531014119872,69.21586610614456,2,No,64.96743565290934
3.3183435655539566,79.47909069539702,73.38940500469613,3,Yes,71.09340152588786
2.1276798920878526,85.55820236516266,58.82746813453077,2,Yes,59.079289350956515
2.8889996229861303,83.12390238272573,59.41698246053969,3,No,61.1783489981912
2.3438283347587783,86.50422957611643,53.99845767028305,3,Yes,63.00943727079192
2.6163951579912617,88.45319939917685,69.39501230620226,5,No,70.80142697499726
3.2141884305242963,92.23754203485385,72.78936503512114,3,No,73.5213643558415
1.518135180119833,87.43600977552727,69.57772866151886,4,No,60.25881576270511
5.0108647308225525,91.89201315060961,81.74492433347538,3,Yes,84.30017999187736
1.2927791422003576,88.51579531848097,64.94403981170953,2,No,60.67964242768542
1.0429736646547214,72.19626746916903,71.68741655592513,3,No,57.074457556262864
3.8897330482000814,80.48531684944996,54.08299123860686,1,No,64.38140112646923
3.449995232755523,86.84729955422708,61.12900297525599,2,Yes,78.73229476137888
3.2489437804625863,78.32244205727113,71.95537757565778,1,No,69.83319750727142
3.2540146111171357,92.79942983996963,73.49102110743144,2,No,81.04666875099367
2.4853038725837027,100.0,62.060330523358175,4,No,62.69462553295658
1.4232947542170022,97.75009481357853,64.28400748141934,4,No,66.84591459367331
2.590965469832472,86.29245703255833,49.821262533191906,4,Yes,63.77791196121574
1.687405946185466,99.92580909479962,61.42970799193391,1,No,72.75727612645683
3.6701436801013014,89.1893396576169,73.90383163519786,5,No,67.22546114511367
2.3235311421974334,85.30331223105568,70.75205016106567,2,Yes,70.21233659971952
1.5094033638489863,83.09277869167248,70.00665721381209,4,No,53.870844536385604
2.1143369900164077,85.58024250809497,65.49773687180961,2,No,65.18928673938198
2.995517745130749,84.89458545167017,65.07063158628176,1,No,77.60367788698298
1.8235305366352303,89.3633297790039,58.39678860526553,5,No,62.36553081171108
1.5133355253202823,89.28459184839892,71.98828420202534,1,No,68.95291433927076
2.792424653790295,88.02436816122731,69.20972944389389,2,No,67.06075648699637
2.7939598853304672,91.4955053579708,69.92018847992799,5,Yes,70.77199667469003
1.8916681895546443,97.52517019829074,59.739651573324196,5,Yes,62.487210687576905
1.9347540332580127,95.59643308353058,43.46657080128756,1,No,53.35073664893645
2.7784599248291637,76.12081625240077,75.97152711753695,4,No,69.0452333919498
0.762298790203211,67.56863092078436,60.211625439915956,2,No,50.78126978195613
0.8110434707481338,95.4745592899142,56.372242359568794,3,No,65.16897001749234
1.6378669344970769,77.06497041267663,71.93478911913994,3,Yes,55.119406979084005
2.2438634179457835,86.20187678485853,61.0798736008087,1,No,52.140510817934945
2.8730890787176055,78.63909579152512,75.59936384046622,2,Yes,71.89631215406386
4.270427460339462,73.58415649935984,71.17005949576698,2,No,75.5946361335812
3.529191547842423,92.3317018256383,71.83569323200477,1,No,71.67598830103661
2.3080737640438875,94.07324128242118,51.340442887994655,2,Yes,61.67930047025328
2.477180550516773,83.38791679418624,77.11943985386401,4,Yes,80.65299014501707
1.2969647624346294,67.27166166284073,67.61250531233856,1,No,56.14918700024199
2.477784236809132,83.63004441398014,61.307228607537965,4,No,65.88790241378018
2.153609633295834,91.13443204322037,66.43388467342251,2,Yes,65.89868724895214
2.8872622724057075,76.16870744980697,47.2376476710168,1,No,52.623574148990585
1.5073228677372126,89.46687935823324,69.08652811480671,2,No,65.19803328244186
3.123215817089407,87.87752120661604,54.706284918179286,1,No,69.85095024211672
4.339286695603093,92.63433199680871,51.47329714156466,2,No,74.19276422586648
2.369487821851771,88.95664294731323,49.77640813782109,4,No,59.78981455199851
2.98205406651873,80.21544847294756,76.12688374989925,4,No,69.15585620497063
3.328172790053335,97.57257201331593,58.707366063072115,2,No,74.53151781824565
2.0185354337369965,86.73176341578424,80.337277099165,1,No,66.56653482501136
2.7689109781725003,87.78156368392054,59.64198536947702,3,Yes,69.28069993308351
2.515110880938154,80.53385632741443,47.92642042407053,4,No,47.42016428626559
2.617211318258598,84.45374199046792,53.83475560051341,4,Yes,50.766192781213185
1.5723882593734402,80.9215782877848,77.35811620006939,3,Yes,67.13390994550979
2.529412209110731,86.61643152061262,63.441018220633325,2,Yes,70.8610404806655
3.09759794949454,100.0,59.51712703509399,1,Yes,77.05615103263072
4.24137232935405,77.02479085654915,66.60018225852788,2,No,67.01959014317292
3.651124991302248,75.09150881698608,70.01782736167544,5,Yes,61.758021988437925
5.083818949013867,99.76936261994886,76.1739881590246,4,No,84.86530250232376
1.5791829245343405,86.32541058278507,79.48499229892926,5,No,54.29210670259395
3.546784764064814,82.64741809072066,61.40231354210914,4,No,63.5184418291289
2.720010406886022,96.31923749916861,51.73952313917962,4,Yes,68.91125566673483
5.127763519861206,83.15507568210509,60.86534838876724,5,No,80.29697921022432
1.5300420575738183,100.0,67.60280506582886,5,No,61.833878044325
1.4923337893830688,93.42340697071415,55.36241073789389,2,No,67.22219672814967
1.7807288254671736,84.09670873483438,55.428490851049574,5,No,45.600574523647154
0.0,100.0,68.43787881549885,2,No,65.82861985021772
1.8690939739830867,83.15428061597329,64.5134764842955,2,No,59.94148298795599
1.5890408061355625,93.93676297607446,65.32796995411587,2,Yes,68.65502829088223
2.680472543771449,90.39434064325194,57.41504665299931,4,No,63.54585088085927
2.910107170932591,98.41393031519038,62.69599285794233,4,Yes,77.32697588704099
4.751405007059063,100.0,55.757668557316954,5,No,72.11214736079081
3.6405086058232605,88.25603319252613,73.90198411124787,4,Yes,76.81358302731027
1.8077156132051164,81.97265703723053,75.35249334723753,5,Yes,59.03585156860639
1.4219023943819704,91.67977714351294,46.53812137761906,4,No,54.95133185255243
3.0903030058078067,82.57827704198316,55.7048913980759,1,No,68.27502379945902
0.9157201515752293,100.0,50.03470744909921,1,Yes,59.36064747013535
4.697750519025224,89.0922826486619,58.49976065593102,5,No,72.60509902183682
3.915328144865544,85.07742758950313,64.16562030209639,4,No,70.54405674014878
1.9369892174743542,89.47744244691927,50.5035478030147,4,Yes,59.83318864907753
0.4442385650909473,77.22298968376242,55.78140186874687,2,No,52.267334988048084
4.124646848998495,80.22708769191479,54.960426279185015,3,Yes,73.19216995357507
2.3625521856968588,97.6033112635554,67.07267329398944,5,No,71.59343050234013
3.985379574368154,82.74484576822883,65.6934433703625,3,No,67.47975258110205
0.5866868094467597,79.62471213854448,57.78262446662747,3,Yes,56.46196874559369
1.7807499724554727,92.2932220202183,66.76820872139398,5,No,55.919819151233604
2.5062924396618196,97.48563323730397,59.533199154127345,4,Yes,70.32495468015757
2.5563767125176904,93.75162648532053,62.283448896739465,5,No,68.06626274925286
1.9599214342249076,95.96838148644653,81.73452090298537,3,No,63.15073157828623
3.2474199188169983,81.94563929144431,78.40461051790348,4,No,71.0016346986808
1.2188554847408868,76.62551466606524,52.004187630724026,1,Yes,54.00325901254616
2.329144617974448,100.0,73.29732417879174,5,Yes,65.84109405383289
2.6443547580542788,85.41856128926291,73.11396554491591,5,Yes,72.07764962294635
3.117326600870499,85.99333586835962,53.51736711247382,4,Yes,60.77078178225139
3.3539378537066677,98.62555313479247,73.1877764375486,1,No,78.14435880812466
1.150429489794557,92.44984007520527,80.37931918412554,1,No,71.22435393431802
0.6590629951172533,91.64710217665287,53.77455193755586,4,No,57.51447015900625
4.033212186278211,100.0,55.824971789857365,2,No,78.20530953829764
2.89877681437551,82.85185415695885,75.17661466843502,5,No,72.01946286353785
1.6018161561321356,95.4227210246499,67.71495310825648,5,No,65.14753343281802
4.361382370627028,88.45610499917667,70.51476275239523,3,No,67.45272607986723
2.6388095611514304,90.14873823090606,68.40589216400497,4,No,65.12797592978603
3.9151566208765916,100.0,68.90695920928144,3,Yes,77.4386603704089
2.5810221776921307,92.06268605031698,51.73527871688917,3,Yes,67.64757369080132
4.9728975098583845,92.30636863239707,75.47317706621448,1,No,75.30490284024454
4.606409010931845,96.58005869847841,76.69589992427774,5,Yes,93.41788705492252
2.201243021825112,85.08037816365692,62.70609255931972,3,Yes,66.50532461685529
3.6658851411452265,81.28632266128795,64.56523050186138,1,No,74.95790794038818
3.274451139502177,79.64152644783174,49.68892497444278,4,No,67.04338235107214
4.142357869038818,72.26914728499199,70.14254756017834,3,No,82.38048279130751
1.3420918473038748,100.0,70.72057441714144,5,Yes,68.28036478460382
3.3232617519981273,79.17433307422654,64.37808983000689,3,Yes,72.34353442104141
3.7701093842195053,86.22997101131382,76.24353359870503,4,No,74.86904552755648
0.38951261629226286,85.78549360088863,61.659227690200595,3,No,54.05190006204219
1.08008978480107,90.45925358247281,70.646059258936,5,No,56.398990914650774
0.05292138668787949,94.52589770031437,54.80335661307885,1,No,54.38541303891609
2.1767117986665308,94.88378790687796,64.76447849125762,5,No,60.83134720496363
3.3610507069551545,83.33538049144849,63.25645742097164,1,No,66.36356313593176
4.302828462515233,86.66302628970871,67.25307922040942,2,Yes,77.97591934115736
2.5889137365037302,90.2606396039064,61.304730711666416,5,No,55.01690585144921
4.45433865468555,86.01047099053163,63.68527404328332,5,No,72.73604650334396
0.8438782501421305,100.0,73.26047171441506,4,No,64.01587972482345
0.4559410727738147,91.927799613106,60.63235762761782,3,No,57.97520898933027
2.4333427613240577,93.87902228839855,48.93422899261321,1,No,65.78793356966369
2.9608785387271688,93.3030501493393,82.4958390420542,1,Yes,96.25866631689034
2.4607663022870883,97.3877908598826,78.81454078690487,4,No,79.7038895923615
0.01906947995214825,89.44817246962965,52.07737304894381,4,Yes,43.27511580187213
2.3930559525846538,77.62534441635323,71.89707805245195,3,No,65.74888138233463
0.9346365993941761,91.19750361402113,59.97025229448657,3,Yes,56.10322941623868
3.303607058596046,82.78914484966536,67.6348721533106,5,Yes,60.85175624530249
2.939917895316218,83.77106654600195,67.94224129013493,2,No,63.890328126402686
1.3721442564071737,92.69091215004075,62.65592199683678,3,No,64.89494619489946
1.8833596991959678,97.90626457146908,57.16234334413603,4,No,60.321106152460416
1.2289437737332582,88.1701726138885,58.094589476837406,3,Yes,63.68029487739893
2.4247850832721936,90.47066410079171,55.83808084518758,1,No,74.03252638288612
3.6461707846014857,100.0,56.681777917695555,2,Yes,84.10495922437335
1.3171287443973476,89.92602543590854,64.32821709950645,5,No,53.59258519583157
3.104855818621413,100.0,57.842400108892484,1,No,79.25382717923486
1.863690857953071,92.52407716505235,71.8205206571262,1,No,75.03651243613567
1.548552601285187,73.91389792675346,79.87246155335927,2,Yes,60.89916976761528
2.3715635680545306,94.02673296883626,59.19946758629957,5,No,59.36949151673265
1.257709213096751,91.04926707906222,67.39404500535377,4,Yes,68.97406972759464
1.8356208335833815,98.31802203266196,69.99685110302934,5,No,66.64184769055076
1.062546528893382,93.38545081015967,69.72002270919275,3,Yes,66.7627585348473
4.857670159499667,86.89235212812982,65.75955267916088,1,No,78.66277739335888
2.542316262366074,78.20561410968507,72.42682418359722,3,Yes,59.6254518781726
1.6603293904088972,86.3278139417118,69.82248952680658,4,No,58.93227051431063
2.756775892881066,81.1958363663256,52.62337577672702,3,No,61.429119807003694
2.3652063403710044,83.35581240156222,73.69156064389273,5,No,57.95472482156098
2.2348364805601326,92.70862723536487,73.87290837266742,3,Yes,70.37028176549492
3.23700004005211,100.0,57.367138958214184,4,No,62.952615947382306
3.409009252056766,91.15737223858385,65.37937835447602,4,No,65.52157154971081
1.8633986228673671,78.43293550371853,71.83328992811069,4,No,63.59471053564182
1.8090181112263841,91.55682134576112,62.906861804206386,5,Yes,63.55883023708775
2.169937963418027,97.57305189316521,75.72978047766011,4,No,68.63846089071993
0.0,83.12173676544494,88.6387249461936,1,No,58.75149064465129
0.6817707253617373,86.92786266661666,57.140139673650175,4,Yes,48.18502283792035
4.140249120933429,88.11750555783358,51.18955396846225,3,Yes,69.43877278863269
4.47396125620154,81.72081349534209,68.03818595604876,3,No,78.69217992418562
2.201156752532346,93.18624347075087,72.21562505126144,3,Yes,74.58619712306214
3.19186835566692,87.03241481113774,62.69133626155231,5,Yes,63.097049903845544
2.8735001854522433,91.35625955125622,79.53260663321035,3,No,69.00232460780289
6.194656970146285,80.9000625775832,51.613942002767516,5,No,76.15671067192662
3.8434898937214923,84.50033359741272,71.9291862303161,5,Yes,66.47866392353814
2.34649889022308,93.77905086262217,58.94139179241107,4,No,62.335269139581584
1.3533514712794892,85.01733478326587,82.19377906207296,1,Yes,76.05820544051087
0.5722644156909131,100.0,84.92515353168119,4,Yes,70.47444528078775
2.7441563630406676,84.80291051508318,57.33343412216652,4,Yes,63.63184781914383
1.5923791056588361,89.79747780601508,59.5044286409142,5,No,51.372620237410864
0.793295548482791,95.46072665498473,73.59587886979801,5,Yes,61.28651490270055
1.724112538908968,76.65307413653575,61.12869350210485,3,Yes,62.93368685372823
1.2021423956627262,73.91352950415379,64.54588782067762,3,No,53.061721797350756
4.524569962087078,75.79474948343925,65.2538842054241,4,No,77.2724853153719
3.5579677083393406,98.10067282741745,45.80326843802344,2,Yes,79.23481465166175
2.490432830420059,83.58513483286043,64.86162253905762,2,No,75.66336900767912
4.275932966668031,100.0,58.10272225935826,3,Yes,80.33669714380439
2.592841969177142,83.48601921074089,60.06877177600228,2,No,69.3162075620128
1.4664589584060836,89.47641042557629,79.43632003468814,3,No,74.02469141432283
4.327748892723589,100.0,52.434931057207436,5,No,75.60619346612505
3.1466920524215904,100.0,73.13205186747977,4,Yes,73.16690528340082
1.2553046148082523,100.0,62.21037069668191,1,Yes,66.69692010040653
2.2715935862996703,97.66692984474514,62.202398315041656,4,Yes,68.27823413277761
1.4492580959382915,96.1925002064917,72.90371896051711,3,Yes,61.141599140712174
0.8406403228427968,92.74021559360946,68.4005129456889,3,Yes,61.10314715854347
3.6114130570379697,94.2268886093331,70.70612997219531,4,No,80.44239531173295
4.791299968564156,83.59051426937174,74.68184660532862,3,No,68.84099027634167
0.8217189114170307,81.45440893262155,61.686916168166775,2,No,64.86884348955638
3.175563084028685,87.97300434071238,58.87763265492249,2,No,76.34217804642093
1.7192289170538078,86.63852301980057,54.148494734422016,3,No,57.197279134363484
1.9154495394823647,84.3741756053818,56.74589470021045,3,No,63.06764048898672
1.789127290913357,93.57109957965372,94.49094425308725,2,Yes,76.73709819688608
1.4632110763842208,95.64244166856409,77.44679580736786,3,No,74.95702263375051
2.5582259535337926,88.70725509033478,51.489256337919784,3,No,68.63422441902851
1.5028598603067547,99.8202406484421,51.7754204325643,4,No,53.974668074764864
2.824548190935807,78.86648708693195,69.81866061718492,1,No,73.55124604192818
2.4397142686610356,86.45072432576225,70.47264797377967,2,Yes,68.89251619752774
2.2132623437603085,82.26542143517756,70.48883835317365,4,Yes,63.53329465141517
1.4109236055500827,73.06770706341553,62.45044206446302,1,No,55.375973967606456
1.8078744033180008,87.3385545132584,63.745457399970995,3,Yes,71.83911638748884
3.406469470990907,87.02601993293374,68.27879524159357,3,No,77.52670300011899
3.101100625149257,100.0,65.85893006293331,4,No,69.56432632476145
1.3269337062417388,93.04649347643821,42.80699627252465,3,No,50.02231176899022
2.619198766515071,79.80650540536637,62.70200369424806,5,No,57.90083394810708
3.401664548046147,100.0,56.485935657396865,4,Yes,74.12661666790633
0.4967136626543538,97.76826956420282,66.75211418908512,1,Yes,66.81753961540954
3.152032230855922,92.65678162774893,94.85259002603411,4,No,85.54431493703063
1.704851489264984,86.18812720920134,68.67481665474304,2,No,69.55155193733263
3.184718402311791,80.32448610621216,61.86470313827602,4,No,69.46064252429116
1.5840890121489797,85.02234579143158,74.21801501977252,3,Yes,65.82906488630148
0.3341414792025774,96.70998895763348,69.82687887209212,3,Yes,54.35627298963897
0.5469490745402048,100.0,69.20094490451841,5,No,58.51653618832204
2.5577019359936584,100.0,71.06850593215671,5,Yes,75.40951015915863
2.811667002065778,84.08920462570981,85.56543564829542,5,No,69.10603291247821
1.4148200498747097,79.0430605336879,53.69111564674084,1,Yes,61.3141109999897
3.2663109505328487,89.12708997528964,69.73632076811454,5,No,67.3095453969838
0.5061759252772482,73.85248507549719,55.73618870018461,1,No,47.64367102393126
2.4207042416232203,90.58534171347826,70.55512646342248,5,No,64.8874755123036
1.046780560285052,86.81917930961065,55.81313488513906,1,Yes,62.25075220597451
1.717796670637409,84.27170798505406,60.82633186394916,4,No,55.267127509086194
2.5568784055796967,75.24237546186563,62.049100857620935,4,No,58.31751624564768
1.4675039616592571,92.10880085255774,74.7581671934471,3,No,61.91117409742359
2.0385333469242095,83.7383932827047,74.18454443942414,1,No,75.53961196735065
3.7075513710573285,78.6406653143177,52.542826235536154,2,No,66.28459206373441
1.8077297565722215,65.0219022937468,65.5493411099985,3,No,61.975989758990295
3.50283053447817,87.7798807595949,57.904201452508275,4,No,75.64110466468583
1.1443517744108582,100.0,52.414950893246655,1,Yes,65.04101431641956
3.1357650134983395,100.0,62.82982949575629,5,Yes,65.48553025348184
4.22988234478948,84.34322994730982,61.915172115441806,2,Yes,65.03176594883719
0.0,83.18230351710575,89.26716486345522,4,No,50.69288550074491
1.543725693435428,91.75019404860019,69.32959825360696,3,No,58.348411438206014
3.192486552616648,80.01291648649367,51.22382499245763,1,No,74.22709499272553
2.256345536748409,90.41433519855573,59.352259958290574,2,Yes,67.83226268678624
2.9453750480455705,94.12864222707752,75.21383295429399,1,Yes,80.89050463780698
1.7752177759410155,97.81546579107446,85.88442772869925,5,No,58.66549847006902
2.60390774496748,87.19876738816038,49.140166877620416,3,No,56.651263597301366
2.3131873175295046,86.37060999858427,46.20075614860955,1,Yes,68.40980631389553
3.9013384739917685,80.97613930594751,83.70965175371782,4,No,76.44391418036612
2.8053050119614555,81.38495716768112,68.89614177370903,3,Yes,66.51332406556445
2.9051231944902427,86.18816886478778,56.31707268123634,4,Yes,66.72021711573785
2.005747640653039,90.93892405452942,70.34629086122435,1,No,79.68718411412335
1.9148725311130077,95.30867700986599,38.64252260983122,3,Yes,58.18537792477555
1.980930174616455,81.57456839455725,65.0337550659716,4,No,60.391453763986995
2.9733425708539563,99.94150855167618,68.27821172843085,5,Yes,72.28976438712603
1.9948186230156844,85.83101119165946,74.2427013953783,5,Yes,74.53985618672566
2.8477298282756953,87.8290616452125,54.861040477074624,1,Yes,59.33180462049073
4.990480958374526,82.0223065668174,65.8568716140336,3,No,80.93450397675372
3.5453496441180308,68.60607791781646,55.74575373940412,2,No,63.31889426574266
2.108771761398591,95.0723631708884,67.55383755674318,3,No,71.67281397329216
3.9414567065967336,93.89475117673946,56.04653677636976,5,Yes,66.79228226661675
2.0103095523741383,85.74937954305429,60.918991608397796,4,Yes,60.382171907319496
0.05425055778657528,88.53592573779898,55.04184605209771,2,No,57.75522979700926
1.290296426899115,92.1275137416328,71.51136241823657,1,No,84.32044736183887
0.2550496947689731,75.49963314490766,73.58451116656666,2,No,59.59063602878828
2.0781838191504294,83.76757858122964,62.653794300425865,1,Yes,62.453760828219224
2.522102055027462,94.35411743697462,65.38237994960028,2,No,69.84807282469373
4.5117247747303395,77.96568461464601,50.51408585366456,1,No,70.6320529336902
2.8923128485169953,90.34846345733304,62.00323351993213,1,Yes,64.22370381834776
2.237079365429363,77.14734556301276,64.49795382958256,2,No,61.74327024271951
3.495286697420187,91.73143985946821,91.20793091029975,2,Yes,87.19553411308686
0.0,87.71486814162013,53.88032974225837,1,No,48.87888558394159
2.782737469730279,75.07894547275592,79.64177238752437,5,No,69.08021050926402
3.42503823266436,97.31791483565738,74.96858773465809,2,No,82.98180752340387
0.7256965050641901,82.1232673856156,67.80636404490136,3,No,53.1485320831824
3.8725048518483147,81.51798050388496,82.58620484195134,4,Yes,74.03792972669173
2.906195688993297,89.60455357784754,68.72105472606863,1,No,82.98072533213126
2.0016545033190383,97.18909879542971,68.89159195667929,1,Yes,77.21912868930019
3.259338239327542,79.87342544817282,64.46879346982455,4,Yes,65.63061769134494
5.224831429365275,88.49343879878377,77.23568882418627,5,No,79.50382272879084
2.7182395060701943,91.43053200264458,75.96469233810883,4,No,71.33586338509976
2.7978647035604034,93.54484485810515,58.743227125037876,2,No,68.47141180884392
1.948766920551707,89.4115324422178,51.80752805401232,4,Yes,48.52695846725428
1.48018675664225,85.06377728733342,62.97019362604343,1,No,74.5283923386313
3.4964029798530945,81.37927823481024,56.999614356023535,4,No,65.91023549599365
1.4726994089093595,88.689151064371,64.36475425384644,3,Yes,64.13932007206182
2.585879484663271,79.42288790411514,77.37438134684139,2,Yes,69.62132823963029
1.92681106388186,64.62919613204315,60.4269834491321,4,Yes,47.93824480334325
3.07477579089567,91.49247843326134,64.57176618688425,1,Yes,74.4127777791043
2.900394526344338,95.23147872868957,65.58022734808395,2,No,66.27165851665114
3.745047933109479,69.0965405156653,73.48430882205284,1,No,83.79458100869589
1.8879803213743036,79.9221543623205,42.53110666015395,5,No,43.99553535773393
2.1761500776479545,92.95323408804158,58.932997052347034,3,No,60.582111719924626
1.3254835410612311,100.0,67.11283692279473,5,Yes,60.55997276021258
1.9668480879086663,88.16634966140326,77.00078956426862,3,No,74.64139579764709
2.9527605916538224,82.17597647016693,60.08097552493795,4,No,63.73103120013053
3.408386339974422,86.53682847116127,46.23447293958126,2,No,61.34632599005869
1.3934016109868494,98.99901135318548,71.19711445966136,4,Yes,72.19743873789355
3.543527104126792,82.83228656700372,58.646376111743706,3,No,72.09946611488597
4.126765430565941,81.60646394679797,53.103333409096386,3,Yes,71.89958754036007
2.996121883868441,84.13805182254374,58.75654610286776,3,Yes,69.84146518507423
4.752154975069679,80.3733711339303,63.1547464234415,1,No,90.82835675886521
1.5714529610757124,88.98136252795837,58.952553354617876,2,Yes,74.06105029812784
1.0064143560262997,100.0,42.944339429009304,4,No,52.48179689381781
0.3655357013148657,90.58463418492823,73.97066196887133,4,No,66.3721557352628
4.295253173787019,85.9811719829897,77.74875041278722,5,No,77.10920073476164
3.2852387876248694,85.66550984867564,71.51521991339506,3,Yes,74.64244293230188
2.433298394907454,75.49447353042675,53.62314329575183,3,Yes,49.98987021721688
2.835962351583784,95.06487821717727,62.98508466052482,3,Yes,70.24935961600629
1.1494131432419483,87.37730242389759,64.93478684770542,4,No,54.11430478839758
5.434902375540192,86.556160691275,70.9879438956191,5,Yes,83.23365339736324
2.655065418370273,100.0,71.68340488718081,1,Yes,84.13575106001964
2.6312737535258712,90.3900232669255,57.65826201221504,2,Yes,58.23742492298252
3.3709199486784303,81.98567159923853,65.8199555641356,1,Yes,73.28468073230688
3.077211078084056,84.58913923035566,69.57280404615241,4,No,73.70285982037953
2.7686608291349577,97.18756567357404,79.55822322146767,3,No,75.65240256997748
1.5514306534656257,88.90616328430211,72.04506539824723,2,Yes,70.57845642553495
3.065762028563195,76.49377617346107,72.89056687375519,4,No,67.54931801246238
4.75842939577004,95.35383147660163,65.8382662792936,4,No,81.39346061304207
4.114504055385973,82.65484731568804,79.10459145203504,4,No,74.0092617484741
4.411823951967277,100.0,69.09762795959497,2,No,78.70550412703633
1.8865411882825778,96.6403845257172,56.389120898264295,2,No,61.39794528405392
1.312474215689703,84.42142483472999,79.0336997012519,5,No,63.587813494992666
2.349055695880422,98.2481308938809,71.97903272539028,5,Yes,68.73553193216598
2.5668698947464335,88.54284408421923,60.569559788715175,1,No,69.7297938209983
3.813029822165138,94.82218940097775,60.205070326007565,2,No,74.9360957574073
0.46904244434221676,91.8778625383558,67.96575545140762,2,Yes,59.96013964507193
4.3354603833527365,81.22914676007301,69.63184795267584,2,Yes,82.29307397903634
2.3103905217052128,82.85160134146031,66.97292265631206,5,No,59.10824953266368
1.9877427160630958,96.23968654064929,68.11308673442885,4,No,60.163190650396004
1.285474749687799,85.32179734314768,81.9995737457638,3,No,68.87422368712807
0.5141719937610769,84.77081229406403,75.71543152234887,5,No,54.16943102381207
3.4878047007542974,80.35901936520517,66.90635591265024,2,No,71.8115173513125
2.5879815606260848,91.38879252474769,74.41310580767484,5,No,75.85724808732951
0.9520469203107353,100.0,54.674760964724605,1,No,65.05986010421853
0.9459054735236607,79.45973668596582,68.97927049946809,2,No,60.65312155743869
2.0970583608518463,88.19375565338207,83.0930634973311,1,No,68.79609565831976
4.5028258303472715,99.29776444332343,62.81954104607626,2,No,81.98074998113381
2.1884903783636744,87.36286887003428,56.52366071380915,5,Yes,61.89232788001784
0.6962284562582726,91.61897436999787,58.4791111140694,4,No,47.89559669430512
2.2051083230968667,79.50085177482497,54.10366962657612,3,No,60.061208678965706
2.1727317163027955,91.42645677766119,57.15238091872297,1,Yes,69.08391093141938
0.0,86.50284587996362,61.29491901409971,5,No,49.19605133415256
2.4348461601786253,95.8858399654389,50.94432980821358,4,No,68.99766022282398
2.2228785637495863,97.499088412518,65.15618333949602,5,Yes,67.33307575984655
3.335447637776102,100.0,74.02277173786648,1,No,90.27442920202267
4.718747313934414,92.63706538570861,55.9224381985308,3,No,72.45734660554459
3.851878035457309,90.60637053265734,80.19283923641768,5,No,76.23941299736651
2.1773335713342035,89.5550744126187,70.10792088527595,2,Yes,70.16340781925102
1.1721689095099956,85.1746696575145,75.30580585624057,4,No,55.17618169865255
5.588031763899832,90.70787074769353,58.42165446147863,5,No,82.5312784674769
2.571062120817386,85.63678871888777,73.54525227066615,4,Yes,78.79696830210598
2.5167151502955356,89.34768781015691,54.08066099604687,2,No,66.46181880193535
2.471049895467996,98.54078028486367,73.90247500836509,3,No,76.46740953516381
2.737701712921426,79.94765947776287,66.71839339793532,3,Yes,66.10568275416951
2.326767505691269,97.11902848903236,70.53251219984784,2,No,70.07327923448777
1.8116055917437164,98.53692053871892,53.24405394375148,4,No,53.34221096832152
1.8437692705115296,87.05545178407137,56.049301577233955,5,Yes,53.326950123879556
2.460696075740802,71.02516080793124,70.97228218253385,2,Yes,57.045437451878
1.847890274639482,83.13742410324454,55.51651995775799,1,Yes,71.66988739211821
1.6445850607874029,98.37595637248887,69.63206292099123,4,Yes,65.88737825961374
2.627716273230276,87.81705550160895,51.32862193539754,3,No,61.934393502178374
2.1940273390949736,80.00558214164072,73.48174212666669,2,No,71.46266131407019
4.304791586299226,83.96180063017427,52.67476685231491,3,Yes,65.30235272498086
0.0,94.72496021203642,70.52299937679523,4,Yes,53.21256370783037
3.809808222306954,92.37386854561103,71.25630933646,3,Yes,77.71584267696028
3.995302230997155,86.08854320664244,58.03228181570425,2,No,78.96545793947143
0.011931721110220561,85.06540470548249,70.82026567084726,4,Yes,55.84032541484222
2.0887748871035816,84.86593480764942,67.60442263333556,1,No,69.91320086115775
2.0542709608050504,80.62071852401198,59.61158143807262,2,No,62.793705321231904
0.8109859663386145,100.0,54.91445315923792,5,Yes,58.530445057098326
1.5666199748909497,85.42143624630928,45.373743083274206,2,No,58.622061823607
1.1673089854410055,97.73726816660397,68.49650047299694,4,No,58.33054096186102
4.602724532108347,100.0,49.35197228637945,2,No,80.04961045462133
3.6228140717769532,95.98648718518368,65.95344199441308,1,No,74.9262545366934
4.025866113992991,84.54703749825562,62.36551783917751,1,Yes,77.06321363552458
3.366006476851882,91.22984072269287,71.79142775438196,5,Yes,68.45615729220995
1.145137874539325,87.80643514887267,61.97954500510136,3,No,72.1390350476904
1.8705756804642717,80.77038511415897,61.70552213652908,4,Yes,57.97321717018511
3.0872494734735016,90.59487425377283,72.31870704288295,4,Yes,64.34861135043357
1.0334466293296656,78.56768167072158,68.35058029084118,3,Yes,56.42857884880469
3.3555981162068655,97.50143510769252,68.16155957182778,1,Yes,82.82382622384911
2.211609522210238,84.28306162161286,69.69267589808527,1,No,78.04589475988453
2.050215030940483,89.60927724698271,49.64427876792894,2,Yes,60.040807684180585
3.3531519618441896,90.26630297236913,72.56788679986983,5,No,62.73050716801136
3.033115973783248,85.92876021036739,71.12468794013603,5,No,70.95867539225891
2.066840601017104,92.69355041180219,54.83316871423503,5,No,52.958580254578656
3.8911957640370973,84.2007707470198,62.55919526325799,2,Yes,71.72326849043337
1.2027240068801233,94.97037837965796,64.6069271237237,5,No,58.09574709582595
3.2391227283331165,77.232162558026,63.655032155982674,3,Yes,65.83682104517025
3.2117215095620604,89.0110366363713,68.33859966568535,2,No,77.6104243874361
2.128544272823212,100.0,79.31366781831184,3,No,71.01865029817766
2.8913596266905417,79.9973494031554,75.81766727672829,2,No,69.83239181689956
0.9986637083376364,82.57804023580118,51.87780806568594,5,No,49.5165252909675
3.6088324230482813,92.11126279727132,71.22069990306049,3,No,77.00286699266202
2.2781174362684133,89.43665425551679,78.28933319535409,3,Yes,71.14118471569462
1.8727323753771525,90.80504079418847,68.86808520689203,3,No,68.52613263274166
3.758811071004267,91.9134970411813,75.90980425185967,2,No,84.55159299526044
1.654787571348689,93.07777174849416,85.12270445700764,4,Yes,71.00502847149825
0.8098464443637285,96.87759873564978,75.23709546106981,5,No,63.63932797194559
0.6320449917713156,91.2785492554281,67.49308595641729,3,No,52.008454614220625
3.2272119416147675,86.06993876305167,75.45088474084753,4,No,71.45043913137715
0.9634847770044603,93.38058960962185,66.44887833096891,5,No,60.50186096816975
4.605753018381238,100.0,65.23903043284956,5,No,82.24518019461331
0.0016847105395334516,86.93893002893941,61.485857642862676,3,Yes,49.76799898596326
4.535747641948046,80.20376556263487,80.63413358832108,3,No,75.65528813684728
2.753220960643142,96.85664535429578,56.81571334057999,2,Yes,68.68297357069004
2.383944265755529,87.03695068837122,80.32367724678116,4,No,71.5136742776172
1.8460970958292604,70.6186436318877,69.99864123740372,4,Yes,61.64694057774355
2.978963337222485,94.77937341720337,51.006938251980586,3,Yes,66.07134699212995
2.454838357090182,83.71737451236862,68.67649292991422,5,No,66.90390103750788
3.823962258419826,87.27573374156671,43.99973492348376,3,No,67.84742431159393
2.6370731783944477,90.65584264455211,71.25508016831036,5,Yes,66.202798114474
2.6803621137542533,89.52399743823253,73.8523148298899,5,No,66.3101828439414
2.063665345343373,93.67561453711231,59.07644044347946,3,Yes,69.24456149761642
2.431665251534719,84.51610903544125,66.23547695955583,1,Yes,71.46330204365219
2.869362122670471,92.10484638540866,84.54157433750287,4,No,85.93034860700487
0.4477979288120495,85.92362657932867,59.942532957380635,5,No,46.33007694801929
0.8821774934731443,93.91048384710002,54.410924129433994,5,Yes,56.88886675518581
3.391916912827258,92.92293987210442,79.81663402462598,1,Yes,79.42774567130829
2.70503852575353,80.51649038364323,84.62587190530795,2,Yes,68.7731154188741
2.279219996376785,96.68785692940025,65.03695671847848,1,Yes,73.5279940840127
2.5221207196784716,83.71229243908762,75.11463035408356,1,No,73.31667207728766
2.9170980464340053,94.46446238624917,78.41475915530881,5,No,86.4865707085628
1.8522883836287662,90.93829850721073,57.57515767461616,4,Yes,59.98857954499696
1.5660343295172248,100.0,60.14694164632132,1,No,64.22336049405911
2.735014306117218,86.21227214102518,77.30874513154735,2,No,74.7176575139323
1.3259526668619617,85.20546563105442,81.85014278708509,3,Yes,54.89379223512526
2.989903306857366,87.84464315289814,70.62880860174354,1,No,74.81623246294782
0.4568996749145917,85.5745617373258,56.20185646497946,1,No,57.45500642047291
3.734986764790772,94.3995352155364,84.87061111699441,2,Yes,87.8689331599928
3.0671169788956516,75.06951513250729,59.690291021880356,4,Yes,66.13858950118453
2.8072356811766506,79.57054064682917,61.64862218828548,1,No,65.84113322656198
3.679229180734617,79.45757662736645,68.42337834489622,1,No,73.95311998493887
4.498569333355092,95.60246073578861,80.54160420714774,4,Yes,79.06570807018187
3.717244078021756,100.0,73.53975976552223,2,Yes,77.00783554572699
0.2909509224020259,87.16440625170023,69.1486550036191,1,No,62.61458751067912
0.9645076399171582,86.64942621447992,69.63288530118106,4,No,52.00424653274908
1.7502177067651854,88.56041730490546,65.43514668643466,1,No,65.73266495885919
2.5313092602530007,97.29502642086553,70.58139514518507,3,No,67.77310561367055
3.1211908245629476,80.58117492647541,39.70439922305697,5,Yes,58.49815979177329
1.6291074242158414,89.90695186187828,62.033925409302014,3,No,71.72564598495357
2.724120117372494,95.80158103825944,67.4132193491678,1,No,69.65725889289992
1.593540481176013,92.00875335951876,53.48985916380493,2,No,53.5530690843412
1.766178636409662,89.51665293278995,68.86323317811559,5,Yes,60.67208988184864
0.8120066837821334,96.00836874053712,62.95528779013878,3,No,61.42845623195594
1.392120104666915,66.3741416560061,82.5547569831549,4,No,57.36998081446997
0.8779784732603997,93.42300255624725,80.73019725214857,2,No,65.74654998827376
1.3289520964272008,82.76739453498061,60.34194430881837,3,No,56.85110509464659
3.7643701559294076,73.35493682514834,63.49162288433305,4,Yes,67.0488644277093
1.3607213334016683,92.08962079619985,64.26052434391607,1,No,72.1197667518873
5.658858477804869,98.98926836130366,60.483405238403776,4,No,74.25977745347552
3.091981481057067,86.90041188297846,66.95024984028127,3,No,68.46044991540379
2.721803348433849,95.62299637762351,57.4171793111241,3,No,70.1524130562612
1.4699706637825438,100.0,53.693846650624735,1,No,62.868126791046464
3.3403718552907895,98.51931562867237,71.22711223900268,4,Yes,84.1335673584602
1.8092346085146713,100.0,71.29529584221811,4,No,65.2577123940951
2.646411777574434,93.93701992857514,56.956842403400074,1,Yes,71.68745614528584
5.572101445922554,88.60346911121275,73.95355430762599,4,Yes,86.26807165059712
2.3847281203304203,75.18427350482266,58.68422270834669,1,Yes,60.6461928720757
3.879127991542811,86.0315000949604,67.53165238037981,2,No,66.83487047079007
1.6561882898489353,81.25402723747047,73.20344012612456,3,No,60.600311747487574
2.458013811403646,100.0,64.66387435296286,2,No,78.8364341425423
4.624960762762612,86.5929135005413,69.54740912141135,5,No,72.9417163165273
1.7476395306546793,88.98563845427589,59.835703561124284,5,No,54.05099259602614
4.674938269596314,92.41188300832374,63.03533416571903,5,Yes,79.87840584854038
3.3493023225465706,88.34881957097963,62.94140569119659,1,No,73.31458666836842
1.8250398689268787,100.0,57.53421653459761,4,Yes,61.83466023676258
3.258889286866625,83.01880510612439,63.23225836884218,2,Yes,71.21892643575208
3.667065339552076,89.55685964189794,49.51381701136253,2,No,74.86596670602226
3.246171954660636,82.06023531441562,60.08846252857895,2,Yes,80.99006031630584
0.6157303361314523,77.43981991023435,62.15124506630329,2,Yes,58.8361337029291
1.6274353890101576,83.10584727275771,62.4382024750462,5,No,61.91017642860946
2.2029776373381944,87.7037056236127,62.58502554129221,2,No,64.34204710358445
2.4106798850799445,84.56558220386192,64.38235800139871,4,No,58.06499917751671
3.2448065170608134,82.46063216100916,69.79441518086064,5,No,66.45826675206153
2.7132412011199047,76.74946029062534,73.74517074132523,2,No,68.9253909205452
0.8975867695478785,87.33515541897044,58.50234773151733,1,No,55.58013662795979
2.956237421207156,75.96223700775198,52.967991446108556,3,Yes,60.18000669344907
3.232702894340588,94.08044770951682,54.57955587756897,3,No,72.166148327376
3.1717485375172476,88.65951802347602,60.12797078805073,3,No,71.16290810848226
3.7969368706655464,76.33958800428056,61.48078682183491,5,No,66.48619486851179
3.5007065854586847,85.52632738360109,57.30003933802543,2,No,72.35889933282871
3.051016095074124,81.98274875527534,52.038833357501055,5,Yes,57.124786688380794
2.4158011462496236,90.55339608335345,60.43879172525812,4,Yes,61.86249854892271
0.5068468797808103,98.72360356818515,66.81426620113972,1,No,60.073198696550655
3.015541862959103,72.99862024283405,70.95029465835565,1,Yes,78.48612100536131
2.749225224595733,88.92020863317934,59.42576946891679,3,No,67.20919224002192
2.825894604634448,86.71893763546687,60.87002177856566,3,Yes,65.95378933195443
0.9679017090156288,93.37072061160373,55.73301691152689,3,No,54.263741455915415
1.2027321515100853,89.70557302590151,64.68560829625224,2,No,77.9798619684256
3.7637834239994845,81.98424534608945,56.515713658091855,4,Yes,61.200689194746275
2.4525338153720138,85.44756851466705,70.731278132412,4,Yes,63.51684029442013
3.3178008368471494,81.63179314557209,47.14133508065889,4,No,63.463306148092556
2.533982051356553,96.60805710878878,61.40370327547538,4,No,70.73530891166227
2.5357073673948944,88.17049318937553,68.01107339191742,3,No,73.13971640637834
3.625940567171197,100.0,66.83834516322504,1,Yes,91.21924892366981
1.8807463261391515,87.51471348948303,91.93033663980496,3,No,74.51950629573402
2.61534493232918,82.3327458647163,68.49800024567908,4,No,59.2790690814028
1.945269653553949,75.89028485909738,54.959454031579895,3,Yes,55.28557279527376
1.9786045270812214,73.57488258995244,64.04535752910927,4,No,58.075744792689285
2.1289934518376326,75.32691245595608,47.23753666533548,5,Yes,61.28812344870036
2.7665605259604553,90.13701320809187,64.1940025070324,1,Yes,66.15678127302726
1.9255016540038272,92.06980018583947,56.669439429992416,5,Yes,65.46914269947878
4.006907350688225,75.35047438374293,74.15390275560162,2,Yes,75.32046918135087
1.4264712373365953,95.16030651260893,59.504597254044654,3,Yes,67.23701064408735
2.275754027006369,84.13551158653249,63.832340842047536,2,No,65.67270343907944
1.97232273007099,89.1743440958844,58.64442158595597,3,Yes,58.91251461386386
4.236373461224479,100.0,82.38851351853332,5,Yes,85.65278525868905
2.7358657318138895,95.17471452692425,61.78757233882088,4,Yes,71.55764130701353
3.738213447362362,85.85175481675334,83.32557043479201,4,No,80.88972512264937
0.7173275523556337,80.8704621966777,73.14151762118266,3,No,57.81075474991088
2.820460319043111,70.78547678936556,69.82066727335386,4,No,58.36358237636869
3.5675569547481247,82.24677344606064,68.68733147317519,5,No,59.54875861899823
2.598740787130509,86.31095808937845,68.93797298216252,4,No,70.29634540674971
3.7785764500784214,80.10256378279053,45.7232742065439,5,Yes,62.77033743769141
1.8792538598795534,86.94994426326156,62.21116605849244,2,No,60.01068365793032
4.191216928222696,88.61481506367015,73.45157971184321,5,No,71.74461621365138
5.2586777483431,86.20115214553537,64.51102816525895,1,No,81.79336398975013
2.0645937274724093,82.79997935341233,50.94810153196425,1,Yes,55.312468678404166
1.965396974319074,89.34923737573382,64.4759554942253,1,No,64.82105448713084
4.244061372541241,91.53552519655527,82.04105516255491,3,Yes,76.777681706063
4.395486574876855,79.27680738045723,77.4689171553472,3,No,74.86643591373165
1.872567967416078,99.28745903797017,64.37995990633968,3,No,64.69832393252254
1.9957758194849713,87.21129494172591,74.51449277058086,5,Yes,55.082720300955735
2.1618584693673912,88.15079698355878,61.33492979631948,3,No,74.58304123200371
0.8866593867588677,93.66571538605245,47.96128413173281,2,Yes,64.55067198288131
1.3976176642189622,89.86572905010802,55.75534011870445,1,No,59.765884869149424
1.2950310798975186,95.62509307130595,80.62888768508198,5,No,66.2759659168026
1.578642921875046,90.2969933216146,62.26006918170696,1,Yes,68.77735814163962
2.4583781351358627,83.1005010028765,62.56616020624982,3,Yes,70.25736841257223
2.781057679043825,90.89202820164881,62.00161803725119,5,No,60.76955995375362
4.360600591376892,78.85019034143471,84.04136589573007,4,Yes,82.0160227820895
1.301975151113451,88.86847764621218,81.25958915362062,2,Yes,65.69561703910365
3.6811868781719004,87.73416007484431,87.18780233448135,3,Yes,72.97662710029856
2.2432133869293893,86.33506514181968,63.40954789599949,3,No,68.39364015674715
2.4406435484170803,86.97169990848856,67.95624488747094,2,No,75.83256329233424
3.3097833905999243,72.94520763601889,49.833574505792086,2,Yes,75.61661722679823
1.1527335741252418,83.61020073807231,79.76934426118274,4,Yes,55.13992511875888
2.958891695420861,88.74275920912892,53.32220448732065,3,Yes,69.78282193235601
2.699742649855667,89.27885113597921,67.16775563762629,3,Yes,67.31157417599024
3.090941516809779,79.77859887259234,54.02697472367156,1,No,71.49103310280746
2.847002372689382,98.12566272691761,59.11133173261304,5,No,59.86622871784161
5.446360167893073,81.070601214284,56.627375689503,5,Yes,66.33440515353705
1.7347120188984209,95.7556576042139,58.92124739324182,1,Yes,64.77282323831778
1.862803653997819,91.41755489497348,59.608772968510216,5,Yes,60.158492346871974
1.7522313682902828,82.83018152124957,59.517312050749226,2,No,58.54301673248423
1.8334274570076943,100.0,73.33333911780306,5,No,70.46241073994649
1.735135447232179,78.45090534594816,53.9513720693748,5,No,57.37592408664217
3.926819837329062,95.35323338888001,67.20541427013868,1,Yes,84.9349045294657
4.204605097587826,96.00465854434383,77.17959152305559,4,Yes,88.67270456089769
1.8151044475006284,82.63503832738684,59.86803635486604,5,Yes,58.169081622194405
1.5011733122749256,99.13972240051463,57.82081109252398,5,Yes,54.42351529763685
3.065698667663685,85.99962788320838,62.69475374819749,4,No,73.35365318375271
1.8373323468628344,90.30954903423886,76.7972520836071,1,No,69.32387579506185
3.2595181813066127,90.08257471016977,66.94107630953357,4,No,74.96503618188889
2.7435076250215595,86.92553006823562,59.68785705392401,1,No,78.26277835135478
0.6811070620033217,94.48646618527826,69.8387665118804,2,Yes,66.43519179134404
4.357006241596074,94.34790976441771,53.977078501635766,1,No,72.23652459841493
4.6550532077146265,74.01174421409455,71.81359510442948,2,Yes,71.83298142299084
1.7646535714187366,98.43472194302522,69.08607307701767,2,Yes,77.53670089183474
2.034758128076819,74.70006409571461,61.92191528861116,1,No,61.78477743703921
2.843038468869886,96.26036963473325,56.61414201552769,3,Yes,70.10145047761186
2.90134814798443,97.01364109462067,56.133190777165424,1,No,77.94627649173809
3.2902531272073965,79.27226855827841,70.3481733634591,5,Yes,68.74623937878769
4.91224544651962,84.71348569636332,77.28980502489063,5,No,79.02756208053792
2.2876633270071407,79.15436265211251,58.626922529712054,3,No,59.644796598692
1.5420433065538557,86.28063175769012,69.58386703551484,2,Yes,63.534287117838
0.8448169263825673,85.53572572651407,44.12972981397931,3,No,55.96678799316898
1.6228839520696972,94.23728425815472,59.153822693428005,5,Yes,62.32332792697774
2.4602476325514435,98.48246996895686,64.68941067129099,3,No,69.81454934863831
4.653469436221345,99.16547048631965,55.90316583018166,1,No,89.11504668965479
1.8788664411565943,83.50265578737358,55.63493625210404,3,No,58.840704820714706
2.7685455419666782,86.32622501004377,58.322204435311136,2,No,63.61156817277228
2.4802925247126977,74.53249446223239,67.92192728326373,1,Yes,62.79618509891885
3.926071928137701,81.55303946803049,63.12670981593625,4,No,64.29588419113276
5.532318911048346,95.71881306477967,42.61768766675028,5,No,73.37237599816025
1.8629574724956153,100.0,43.792998473649334,5,No,64.62130829625384
1.9126726689781335,78.12520902496063,58.931348221428244,3,Yes,54.467375516150845
3.7529930524828865,83.26028592677685,69.57686586053552,1,No,77.88451819637633
3.3182697875515736,87.78875394432859,37.52495157274765,4,No,57.68088925917654
4.7160487908832405,90.24128927055685,60.002698238483696,1,Yes,80.37602392782686
3.2007138223911564,81.52317184062683,59.73752143482579,5,No,54.98388821872799
2.0688494910555284,91.39248835571271,78.88337778208448,1,Yes,73.46356498640539
3.208785796830771,84.20928522343267,61.149781882871366,4,No,65.10405073936352
3.830444296699489,87.88438183297377,68.82988984740929,3,No,77.65638089108822
3.4845786174368367,92.3702739840296,66.41257140087463,2,No,77.41117866733526
3.108728837328757,88.05137815848751,43.694335201928,1,No,61.88053538585696
3.7800096275069848,84.50891287578744,72.68207216631737,2,No,81.92922615796283
3.9031547085348075,87.12312156859335,67.15396505456287,5,Yes,71.56272688759022
4.158590789245032,87.29309632635731,70.0826863967459,3,Yes,77.72696598167929
3.278451865107571,85.03991176094299,100.0,3,No,80.36231226298935
2.2994583036197747,85.92963149866318,44.158870605014116,1,Yes,60.52801806295729
2.6760564237199875,100.0,82.24696649761108,3,Yes,79.1433837666269
3.947810759810028,92.4873555835299,62.12552480599644,1,No,81.74959565390395
1.5196771948153167,85.63615745576672,67.87328904403009,1,Yes,57.48035721286453
2.9424079706474813,93.57563523608589,64.54487754698758,2,Yes,70.81195302503755
2.027993425207167,85.32944408195192,60.757636666019565,3,No,61.22430090660452
2.534493787521781,97.38499710069313,59.30167071761241,1,Yes,74.69782202164126
4.034142235128758,90.95713753758476,68.29508735573009,2,No,85.00864742703236
2.729318881623884,87.14158284796616,49.82826303328321,4,No,57.593002384306935
2.5557238577873784,91.58173540648222,72.50579167521765,2,No,70.67324172000586
0.8681726308240969,75.432990783452,60.83805595114746,2,Yes,52.20280569961277
3.395504279232665,78.98586024872156,53.69930660959642,1,No,64.67401952800816
3.2745810173692904,78.44859994880755,60.49987142004186,5,No,60.16637401682071
5.0959056679665515,89.14354475810966,77.57149216862572,5,No,84.26240499360419
2.130666118056399,100.0,59.64664912983777,5,Yes,59.27814785241161
2.7629803931967265,100.0,68.5845361820962,2,No,78.52933479637701
2.799260420452906,93.10440881152606,57.69043724284526,1,No,64.03568564963685
4.392943935716169,92.00675579955566,72.57921849923619,3,No,77.73449756596294
2.3856453611356576,73.59153812677809,71.85507738790204,2,No,63.27391877167021
2.834825830924407,83.65860960212783,83.48608833296412,2,No,83.05769785993273
3.2294758116598468,81.69772998473408,63.244360545007844,1,No,70.42576769193178
2.72393094778763,83.03321921399107,71.68654804757907,4,Yes,55.33268947155371
1.9642796625393661,86.65484945132168,65.98067539538944,2,No,56.28309617753609
2.732907991477969,84.22327537842298,77.95871781863015,4,Yes,68.91161338608148
3.7883580998317266,72.1656015169937,57.8116761239127,4,No,66.22038822207946
1.2681816407067277,93.98328204894027,72.45005312877281,5,Yes,63.546516249877854
2.659563608976251,79.41805579408155,63.053027038833186,1,No,68.81879900316878
1.6598550220729922,89.9139749128892,64.35811822891502,4,Yes,67.38359853172348
3.9340559547098106,100.0,65.91752484448372,1,No,80.74758112320852
0.6721757142594704,80.64492326730861,67.52240396426677,5,No,56.35012184763496
1.8292937832740939,67.75769981802937,63.83770956878042,1,Yes,51.24078728908426
2.952654250077425,85.71196622495911,67.14713183170527,2,Yes,66.66745812519201
4.378628835081209,96.80767707998857,80.78118057562185,4,Yes,73.81536220542895
2.421099686712415,100.0,74.85449685615218,1,No,77.18762098705876
1.8337605679681621,78.16360324438067,73.69154592496896,3,No,62.31040182875206
4.7573884833287075,91.97359378589218,60.444604739761296,1,No,83.28026881406139
0.7623833195005072,84.27751634575958,56.10759171771676,4,Yes,52.664617415557075
0.0,87.15241316556691,74.55300558237752,5,No,48.58910028688138
3.028017340063999,100.0,73.76046792529795,5,No,72.3170228558433
1.8975349307768665,75.97623737283877,79.72670675750982,4,No,54.30894828724404
1.2745206194431442,90.0299172919566,58.9601937403077,2,No,68.88877301175192
3.350027736759224,91.74154537412346,62.70451344639653,2,Yes,72.73998050287446
2.7925608565254385,96.68629059951478,48.605158374745656,5,Yes,60.77443743963834
1.8231056431159258,88.78386522776717,61.07528893939127,5,Yes,66.89636263072428
0.9636347215949268,90.46440431603281,74.96570510579447,4,Yes,55.28241419837995
3.5469487939361732,84.86681146062567,60.33504620771802,2,Yes,66.1540468460867
3.2802414135503932,90.15301552996085,71.40479795200824,5,Yes,64.40275104099595
2.3809889634647403,85.25446179602072,63.094968940021886,2,Yes,66.59586330924115
4.715964395257199,92.97257511884841,68.2405702822156,5,No,79.39918125667802
1.215898280408617,85.04311731165093,53.523086101843326,1,No,63.852041497845626
0.6693697948903135,91.01680315121749,65.852094496339,3,No,72.3691751713151
1.6697103161425066,87.76589749052017,35.08864029099277,1,No,46.73434039321461
2.4452967803734027,97.00840200617735,63.13103841838015,5,Yes,69.01283417547407
2.79200733918723,87.58885021129211,48.6952675628486,3,No,60.81850418644642
2.210516730572404,73.81574025434495,77.05994516546816,3,Yes,60.76478755979659
2.9224664758171564,98.09537200571194,72.77407352764511,5,No,68.58384259839471
0.9981526909714671,80.75414159309905,69.66670981966081,5,Yes,49.648584683955335
4.232517524887911,82.76986929080944,80.2100622715938,2,No,88.75617819525873
2.4014185859289174,83.23470964765207,55.51083479175163,5,Yes,62.16571386130041
3.840754997905753,98.99550474536653,82.47363197915558,4,Yes,81.66004637420892
2.911270415653245,70.91460628817043,74.32191564260384,5,No,67.97384804875055
3.048103862984541,100.0,62.63444712781054,4,Yes,64.4682086267715
3.183720736278645,96.44845447252841,76.35620147182944,5,No,66.75132025529878
3.0372502720207777,89.78591131303328,53.93706487588366,2,No,58.391896687108854
3.2712673118410525,87.56084799506971,56.75485838472326,4,No,62.91006057203369
4.094983036158918,90.28443259886126,58.914102767603,1,No,79.07141168414375
2.735825403641764,92.16897942703471,59.71022291935985,4,No,66.97407855449234
3.3508045091062146,93.16172468760045,54.43442357239747,2,Yes,73.0957490475899
2.392317166855328,92.44483572802758,77.23083067095325,4,No,63.05348517144324
4.228140658539367,88.716645450042,62.41145599630168,5,No,75.36657198467424
1.6883292375288765,86.42129263754138,68.5250496835688,5,No,60.76581573892656
4.661128519492978,86.78981373077191,59.29648633586319,2,Yes,81.47578539786261
2.4518104592267878,86.44073375717855,46.79396699451483,3,No,51.40972500940955
0.7830698774583422,97.07016077493651,67.70057358391422,5,No,60.61104006642953
2.6537252978929473,92.7484537782469,45.87745024580223,1,No,62.19241687491653
1.682738011030143,64.47689092268575,64.31365953914532,2,No,53.5119280232118
3.508772258786469,93.24720621223808,51.3168496116719,4,Yes,70.90962315551107
1.7168512248371308,89.5578895577502,84.87275999230808,4,Yes,68.32470797625773
1.9645798801422645,87.85032994843282,74.11362722174722,1,No,66.93941964771203
0.23255112286536272,84.89185237528892,66.0575379127148,5,No,50.96812371917891
1.957232416901108,96.99290175988811,77.63706677654669,2,No,66.21676624520657
0.0,95.58021169698286,56.536840225342644,1,Yes,64.94447372588742
0.599316611817132,81.81697865741113,70.43479378670094,5,No,51.827392560579135
3.412497587373157,91.25641829699629,66.99810433718713,2,No,81.25723627809707
3.4429601903809983,80.22674612366971,67.6402008133367,4,No,64.96490120989368
3.0105490741419576,76.96305468168856,77.72353500106767,2,No,68.5371478016726
1.3396286282449446,82.98626220328028,72.32492102779803,3,Yes,57.769190397687005
2.442746372629624,94.89914777906208,67.88723662825024,2,No,76.92043162171339
2.495676953091318,95.6250003630087,48.45112563771704,3,Yes,61.7165668153328
1.1099623729689487,92.10468336077834,55.399537047205364,2,No,64.23452348539357
4.304077962120581,93.80076629478398,63.77291066404276,3,Yes,76.26030753938288
3.5528347486908056,92.12942629691966,65.93372374276652,4,No,62.516244885593736
2.2348429914044035,82.86814723821638,53.69796275326076,5,Yes,53.57929233935447
2.532263006793437,91.45538035739152,89.11676675578421,3,No,70.08295613184482
2.750059369537063,94.40327620182146,80.16394055253573,3,No,75.7303031125863
0.04991815789085141,94.03433063850859,71.02118320392483,4,No,51.2176393276627
2.2033871409752837,97.51130697179714,65.72036861283745,3,Yes,74.3674445810196
1.6816189024026418,93.66643077760851,62.87791030098848,1,Yes,68.28266061158803
1.2980559881261013,90.81158566033267,55.48081539977764,4,Yes,56.57117885090317
2.1626796485368542,96.56120190653142,65.77480518518863,1,No,76.44978124979134
4.657223832219427,87.78782992600752,67.57752540142751,4,Yes,81.4940434223077
3.269011433520412,80.94500279017825,52.58239424518376,3,No,64.39728279838023
1.8145852122606438,86.69546428844988,68.34176417244898,1,No,64.39763953067141
3.1870993376273904,82.0407788415484,63.44740951175251,3,No,58.91618299772142
